Zipcode 60001,#FFC137
Zipcode 60002,#D4DE86
Zipcode 60004,#CF63A3
Zipcode 60005,#CF63A3
Zipcode 60006,#CF63A3
Zipcode 60007,#CF63A3
Zipcode 60008,#CF63A3
Zipcode 60009,#CF63A3
Zipcode 60010,#D4DE86
Zipcode 60011,#D4DE86
Zipcode 60012,#FFC137
Zipcode 60013,#FFC137
Zipcode 60014,#FFC137
Zipcode 60015,#D4DE86
Zipcode 60016,#CF63A3
Zipcode 60017,#CF63A3
Zipcode 60018,#CF63A3
Zipcode 60019,#CF63A3
Zipcode 60020,#D4DE86
Zipcode 60021,#FFC137
Zipcode 60022,#CF63A3
Zipcode 60025,#CF63A3
Zipcode 60026,#CF63A3
Zipcode 60029,#CF63A3
Zipcode 60030,#D4DE86
Zipcode 60031,#D4DE86
Zipcode 60033,#FFC137
Zipcode 60034,#FFC137
Zipcode 60035,#D4DE86
Zipcode 60037,#D4DE86
Zipcode 60038,#CF63A3
Zipcode 60039,#FFC137
Zipcode 60040,#D4DE86
Zipcode 60041,#D4DE86
Zipcode 60042,#D4DE86
Zipcode 60043,#CF63A3
Zipcode 60044,#D4DE86
Zipcode 60045,#D4DE86
Zipcode 60046,#D4DE86
Zipcode 60047,#D4DE86
Zipcode 60048,#D4DE86
Zipcode 60049,#D4DE86
Zipcode 60050,#FFC137
Zipcode 60051,#FFC137
Zipcode 60053,#CF63A3
Zipcode 60054,#CF63A3
Zipcode 60055,#CF63A3
Zipcode 60056,#CF63A3
Zipcode 60060,#D4DE86
Zipcode 60061,#D4DE86
Zipcode 60062,#CF63A3
Zipcode 60064,#D4DE86
Zipcode 60065,#CF63A3
Zipcode 60067,#CF63A3
Zipcode 60068,#CF63A3
Zipcode 60069,#D4DE86
Zipcode 60070,#CF63A3
Zipcode 60071,#FFC137
Zipcode 60072,#FFC137
Zipcode 60073,#D4DE86
Zipcode 60074,#CF63A3
Zipcode 60075,#D4DE86
Zipcode 60076,#CF63A3
Zipcode 60077,#CF63A3
Zipcode 60078,#CF63A3
Zipcode 60079,#D4DE86
Zipcode 60080,#D4DE86
Zipcode 60081,#FFC137
Zipcode 60082,#CF63A3
Zipcode 60083,#D4DE86
Zipcode 60084,#D4DE86
Zipcode 60085,#D4DE86
Zipcode 60086,#D4DE86
Zipcode 60087,#D4DE86
Zipcode 60088,#D4DE86
Zipcode 60089,#D4DE86
Zipcode 60090,#CF63A3
Zipcode 60091,#CF63A3
Zipcode 60092,#D4DE86
Zipcode 60093,#CF63A3
Zipcode 60094,#CF63A3
Zipcode 60095,#CF63A3
Zipcode 60096,#D4DE86
Zipcode 60097,#FFC137
Zipcode 60098,#FFC137
Zipcode 60099,#D4DE86
Zipcode 60101,#FDDC51
Zipcode 60102,#FFC137
Zipcode 60103,#FDDC51
Zipcode 60104,#CF63A3
Zipcode 60105,#FDDC51
Zipcode 60106,#FDDC51
Zipcode 60107,#CF63A3
Zipcode 60108,#FDDC51
Zipcode 60109,#D0B998
Zipcode 60110,#D0B998
Zipcode 60111,#9360A8
Zipcode 60112,#9360A8
Zipcode 60113,#696BB3
Zipcode 60114,#696BB3
Zipcode 60115,#9360A8
Zipcode 60116,#FDDC51
Zipcode 60117,#FDDC51
Zipcode 60118,#D0B998
Zipcode 60119,#D0B998
Zipcode 60120,#D0B998
Zipcode 60121,#D0B998
Zipcode 60122,#FDDC51
Zipcode 60123,#D0B998
Zipcode 60125,#FDDC51
Zipcode 60126,#FDDC51
Zipcode 60127,#FDDC51
Zipcode 60128,#FDDC51
Zipcode 60129,#9360A8
Zipcode 60130,#CF63A3
Zipcode 60131,#CF63A3
Zipcode 60132,#FDDC51
Zipcode 60133,#CF63A3
Zipcode 60134,#D0B998
Zipcode 60135,#9360A8
Zipcode 60136,#D0B998
Zipcode 60137,#FDDC51
Zipcode 60138,#FDDC51
Zipcode 60139,#FDDC51
Zipcode 60140,#D0B998
Zipcode 60141,#CF63A3
Zipcode 60142,#FFC137
Zipcode 60143,#FDDC51
Zipcode 60144,#D0B998
Zipcode 60145,#9360A8
Zipcode 60146,#9360A8
Zipcode 60147,#D0B998
Zipcode 60148,#FDDC51
Zipcode 60149,#FDDC51
Zipcode 60150,#9360A8
Zipcode 60151,#D0B998
Zipcode 60152,#FFC137
Zipcode 60153,#CF63A3
Zipcode 60154,#CF63A3
Zipcode 60155,#CF63A3
Zipcode 60156,#FFC137
Zipcode 60157,#FDDC51
Zipcode 60159,#CF63A3
Zipcode 60160,#CF63A3
Zipcode 60161,#CF63A3
Zipcode 60162,#CF63A3
Zipcode 60163,#CF63A3
Zipcode 60164,#CF63A3
Zipcode 60165,#CF63A3
Zipcode 60168,#CF63A3
Zipcode 60170,#D0B998
Zipcode 60171,#CF63A3
Zipcode 60172,#FDDC51
Zipcode 60173,#CF63A3
Zipcode 60174,#D0B998
Zipcode 60175,#D0B998
Zipcode 60176,#CF63A3
Zipcode 60177,#D0B998
Zipcode 60178,#9360A8
Zipcode 60179,#CF63A3
Zipcode 60180,#FFC137
Zipcode 60181,#FDDC51
Zipcode 60182,#FDDC51
Zipcode 60183,#D0B998
Zipcode 60184,#FDDC51
Zipcode 60185,#FDDC51
Zipcode 60186,#FDDC51
Zipcode 60187,#FDDC51
Zipcode 60188,#FDDC51
Zipcode 60189,#FDDC51
Zipcode 60190,#FDDC51
Zipcode 60191,#FDDC51
Zipcode 60192,#CF63A3
Zipcode 60193,#CF63A3
Zipcode 60194,#CF63A3
Zipcode 60195,#CF63A3
Zipcode 60196,#CF63A3
Zipcode 60197,#FDDC51
Zipcode 60198,#FDDC51
Zipcode 60199,#FDDC51
Zipcode 60201,#CF63A3
Zipcode 60202,#CF63A3
Zipcode 60203,#CF63A3
Zipcode 60204,#CF63A3
Zipcode 60208,#CF63A3
Zipcode 60209,#CF63A3
Zipcode 60301,#CF63A3
Zipcode 60302,#CF63A3
Zipcode 60303,#CF63A3
Zipcode 60304,#CF63A3
Zipcode 60305,#CF63A3
Zipcode 60330,#CF63A3
Zipcode 60401,#A9AFDF
Zipcode 60402,#CF63A3
Zipcode 60406,#CF63A3
Zipcode 60407,#FFC137
Zipcode 60408,#A9AFDF
Zipcode 60409,#CF63A3
Zipcode 60410,#A9AFDF
Zipcode 60411,#CF63A3
Zipcode 60412,#CF63A3
Zipcode 60415,#CF63A3
Zipcode 60416,#FFC137
Zipcode 60417,#A9AFDF
Zipcode 60419,#CF63A3
Zipcode 60420,#D4DE86
Zipcode 60421,#A9AFDF
Zipcode 60422,#CF63A3
Zipcode 60423,#A9AFDF
Zipcode 60424,#FFC137
Zipcode 60425,#CF63A3
Zipcode 60426,#CF63A3
Zipcode 60429,#CF63A3
Zipcode 60430,#CF63A3
Zipcode 60431,#A9AFDF
Zipcode 60432,#A9AFDF
Zipcode 60433,#A9AFDF
Zipcode 60434,#A9AFDF
Zipcode 60435,#A9AFDF
Zipcode 60436,#A9AFDF
Zipcode 60437,#FFC137
Zipcode 60438,#CF63A3
Zipcode 60439,#CF63A3
Zipcode 60440,#A9AFDF
Zipcode 60441,#A9AFDF
Zipcode 60442,#A9AFDF
Zipcode 60443,#CF63A3
Zipcode 60444,#FFC137
Zipcode 60445,#CF63A3
Zipcode 60446,#A9AFDF
Zipcode 60447,#FFC137
Zipcode 60448,#A9AFDF
Zipcode 60449,#A9AFDF
Zipcode 60450,#FFC137
Zipcode 60451,#A9AFDF
Zipcode 60452,#CF63A3
Zipcode 60453,#CF63A3
Zipcode 60454,#CF63A3
Zipcode 60455,#CF63A3
Zipcode 60456,#CF63A3
Zipcode 60457,#CF63A3
Zipcode 60458,#CF63A3
Zipcode 60459,#CF63A3
Zipcode 60460,#D4DE86
Zipcode 60461,#CF63A3
Zipcode 60462,#CF63A3
Zipcode 60463,#CF63A3
Zipcode 60464,#CF63A3
Zipcode 60465,#CF63A3
Zipcode 60466,#CF63A3
Zipcode 60467,#CF63A3
Zipcode 60468,#A9AFDF
Zipcode 60469,#CF63A3
Zipcode 60470,#D0B998
Zipcode 60471,#CF63A3
Zipcode 60472,#CF63A3
Zipcode 60473,#CF63A3
Zipcode 60474,#FFC137
Zipcode 60475,#CF63A3
Zipcode 60476,#CF63A3
Zipcode 60477,#CF63A3
Zipcode 60478,#CF63A3
Zipcode 60479,#FFC137
Zipcode 60480,#CF63A3
Zipcode 60481,#A9AFDF
Zipcode 60482,#CF63A3
Zipcode 60490,#A9AFDF
Zipcode 60499,#CF63A3
Zipcode 60501,#CF63A3
Zipcode 60504,#FDDC51
Zipcode 60505,#D0B998
Zipcode 60506,#D0B998
Zipcode 60507,#D0B998
Zipcode 60510,#D0B998
Zipcode 60511,#D0B998
Zipcode 60512,#98CCA8
Zipcode 60513,#CF63A3
Zipcode 60514,#FDDC51
Zipcode 60515,#FDDC51
Zipcode 60516,#FDDC51
Zipcode 60517,#FDDC51
Zipcode 60518,#D0B998
Zipcode 60519,#FDDC51
Zipcode 60520,#9360A8
Zipcode 60521,#FDDC51
Zipcode 60522,#FDDC51
Zipcode 60523,#FDDC51
Zipcode 60525,#CF63A3
Zipcode 60526,#CF63A3
Zipcode 60527,#FDDC51
Zipcode 60530,#98CCA8
Zipcode 60531,#D0B998
Zipcode 60532,#FDDC51
Zipcode 60534,#CF63A3
Zipcode 60536,#98CCA8
Zipcode 60537,#98CCA8
Zipcode 60538,#98CCA8
Zipcode 60539,#D0B998
Zipcode 60540,#FDDC51
Zipcode 60541,#98CCA8
Zipcode 60542,#D0B998
Zipcode 60543,#98CCA8
Zipcode 60544,#A9AFDF
Zipcode 60545,#98CCA8
Zipcode 60546,#CF63A3
Zipcode 60548,#9360A8
Zipcode 60549,#D0B998
Zipcode 60550,#9360A8
Zipcode 60551,#D0B998
Zipcode 60552,#9360A8
Zipcode 60553,#98CCA8
Zipcode 60554,#D0B998
Zipcode 60555,#FDDC51
Zipcode 60556,#9360A8
Zipcode 60557,#D0B998
Zipcode 60558,#CF63A3
Zipcode 60559,#FDDC51
Zipcode 60560,#98CCA8
Zipcode 60561,#FDDC51
Zipcode 60563,#FDDC51
Zipcode 60564,#A9AFDF
Zipcode 60565,#FDDC51
Zipcode 60566,#FDDC51
Zipcode 60567,#FDDC51
Zipcode 60568,#D0B998
Zipcode 60570,#FDDC51
Zipcode 60572,#FDDC51
Zipcode 60597,#FDDC51
Zipcode 60598,#FDDC51
Zipcode 60599,#FDDC51
Zipcode 60601,#CF63A3
Zipcode 60602,#CF63A3
Zipcode 60603,#CF63A3
Zipcode 60604,#CF63A3
Zipcode 60605,#CF63A3
Zipcode 60606,#CF63A3
Zipcode 60607,#CF63A3
Zipcode 60608,#CF63A3
Zipcode 60609,#CF63A3
Zipcode 60610,#CF63A3
Zipcode 60611,#CF63A3
Zipcode 60612,#CF63A3
Zipcode 60613,#CF63A3
Zipcode 60614,#CF63A3
Zipcode 60615,#CF63A3
Zipcode 60616,#CF63A3
Zipcode 60617,#CF63A3
Zipcode 60618,#CF63A3
Zipcode 60619,#CF63A3
Zipcode 60620,#CF63A3
Zipcode 60621,#CF63A3
Zipcode 60622,#CF63A3
Zipcode 60623,#CF63A3
Zipcode 60624,#CF63A3
Zipcode 60625,#CF63A3
Zipcode 60626,#CF63A3
Zipcode 60628,#CF63A3
Zipcode 60629,#CF63A3
Zipcode 60630,#CF63A3
Zipcode 60631,#CF63A3
Zipcode 60632,#CF63A3
Zipcode 60633,#CF63A3
Zipcode 60634,#CF63A3
Zipcode 60636,#CF63A3
Zipcode 60637,#CF63A3
Zipcode 60638,#CF63A3
Zipcode 60639,#CF63A3
Zipcode 60640,#CF63A3
Zipcode 60641,#CF63A3
Zipcode 60643,#CF63A3
Zipcode 60644,#CF63A3
Zipcode 60645,#CF63A3
Zipcode 60646,#CF63A3
Zipcode 60647,#CF63A3
Zipcode 60648,#CF63A3
Zipcode 60649,#CF63A3
Zipcode 60650,#CF63A3
Zipcode 60651,#CF63A3
Zipcode 60652,#CF63A3
Zipcode 60653,#CF63A3
Zipcode 60654,#CF63A3
Zipcode 60655,#CF63A3
Zipcode 60656,#CF63A3
Zipcode 60657,#CF63A3
Zipcode 60659,#CF63A3
Zipcode 60660,#CF63A3
Zipcode 60661,#CF63A3
Zipcode 60663,#CF63A3
Zipcode 60664,#CF63A3
Zipcode 60665,#CF63A3
Zipcode 60666,#CF63A3
Zipcode 60667,#CF63A3
Zipcode 60668,#CF63A3
Zipcode 60669,#CF63A3
Zipcode 60670,#CF63A3
Zipcode 60671,#CF63A3
Zipcode 60672,#CF63A3
Zipcode 60673,#CF63A3
Zipcode 60674,#CF63A3
Zipcode 60675,#CF63A3
Zipcode 60677,#CF63A3
Zipcode 60678,#CF63A3
Zipcode 60679,#CF63A3
Zipcode 60680,#CF63A3
Zipcode 60681,#CF63A3
Zipcode 60683,#CF63A3
Zipcode 60684,#CF63A3
Zipcode 60685,#CF63A3
Zipcode 60687,#CF63A3
Zipcode 60690,#CF63A3
Zipcode 60691,#CF63A3
Zipcode 60692,#CF63A3
Zipcode 60693,#CF63A3
Zipcode 60694,#CF63A3
Zipcode 60697,#CF63A3
Zipcode 60699,#CF63A3
Zipcode 60701,#CF63A3
Zipcode 60706,#CF63A3
Zipcode 60707,#CF63A3
Zipcode 60712,#CF63A3
Zipcode 60714,#CF63A3
Zipcode 60803,#CF63A3
Zipcode 60804,#CF63A3
Zipcode 60805,#CF63A3
Zipcode 60827,#CF63A3
Zipcode 60901,#A4CC8E
Zipcode 60902,#A4CC8E
Zipcode 60910,#A4CC8E
Zipcode 60911,#E66066
Zipcode 60912,#E66066
Zipcode 60913,#A4CC8E
Zipcode 60914,#A4CC8E
Zipcode 60915,#A4CC8E
Zipcode 60917,#A4CC8E
Zipcode 60918,#E66066
Zipcode 60919,#FDDC51
Zipcode 60920,#D4DE86
Zipcode 60921,#D4DE86
Zipcode 60922,#E66066
Zipcode 60924,#E66066
Zipcode 60926,#E66066
Zipcode 60927,#E66066
Zipcode 60928,#E66066
Zipcode 60929,#D4DE86
Zipcode 60930,#E66066
Zipcode 60931,#E66066
Zipcode 60932,#FFC137
Zipcode 60933,#FDDC51
Zipcode 60934,#D4DE86
Zipcode 60935,#A4CC8E
Zipcode 60936,#FDDC51
Zipcode 60938,#E66066
Zipcode 60939,#E66066
Zipcode 60940,#A4CC8E
Zipcode 60941,#A4CC8E
Zipcode 60942,#FFC137
Zipcode 60944,#A4CC8E
Zipcode 60945,#E66066
Zipcode 60946,#FDDC51
Zipcode 60948,#E66066
Zipcode 60949,#696BB3
Zipcode 60950,#A4CC8E
Zipcode 60951,#E66066
Zipcode 60952,#FDDC51
Zipcode 60953,#E66066
Zipcode 60954,#A4CC8E
Zipcode 60955,#E66066
Zipcode 60956,#E66066
Zipcode 60957,#FDDC51
Zipcode 60959,#FDDC51
Zipcode 60960,#FFC137
Zipcode 60961,#A4CC8E
Zipcode 60962,#FDDC51
Zipcode 60963,#FFC137
Zipcode 60964,#A4CC8E
Zipcode 60966,#E66066
Zipcode 60967,#E66066
Zipcode 60968,#E66066
Zipcode 60969,#A4CC8E
Zipcode 60970,#E66066
Zipcode 60973,#E66066
Zipcode 60974,#E66066
Zipcode 61001,#D4DE86
Zipcode 61006,#98CCA8
Zipcode 61007,#696BB3
Zipcode 61008,#E66066
Zipcode 61010,#696BB3
Zipcode 61011,#E66066
Zipcode 61012,#E66066
Zipcode 61013,#CF63A3
Zipcode 61014,#A9AFDF
Zipcode 61015,#696BB3
Zipcode 61016,#A4CC8E
Zipcode 61017,#A4CC8E
Zipcode 61018,#CF63A3
Zipcode 61019,#CF63A3
Zipcode 61020,#696BB3
Zipcode 61021,#98CCA8
Zipcode 61024,#A4CC8E
Zipcode 61025,#D4DE86
Zipcode 61027,#CF63A3
Zipcode 61028,#D4DE86
Zipcode 61030,#696BB3
Zipcode 61031,#98CCA8
Zipcode 61032,#CF63A3
Zipcode 61036,#D4DE86
Zipcode 61037,#FFC137
Zipcode 61038,#E66066
Zipcode 61039,#CF63A3
Zipcode 61041,#D4DE86
Zipcode 61042,#98CCA8
Zipcode 61043,#696BB3
Zipcode 61044,#CF63A3
Zipcode 61046,#A9AFDF
Zipcode 61047,#696BB3
Zipcode 61048,#CF63A3
Zipcode 61049,#696BB3
Zipcode 61050,#CF63A3
Zipcode 61051,#A9AFDF
Zipcode 61052,#696BB3
Zipcode 61053,#A9AFDF
Zipcode 61054,#696BB3
Zipcode 61057,#98CCA8
Zipcode 61058,#98CCA8
Zipcode 61059,#D4DE86
Zipcode 61060,#CF63A3
Zipcode 61061,#696BB3
Zipcode 61062,#CF63A3
Zipcode 61063,#A4CC8E
Zipcode 61064,#696BB3
Zipcode 61065,#E66066
Zipcode 61067,#CF63A3
Zipcode 61068,#696BB3
Zipcode 61070,#CF63A3
Zipcode 61071,#FFC137
Zipcode 61072,#A4CC8E
Zipcode 61073,#A4CC8E
Zipcode 61074,#A9AFDF
Zipcode 61075,#D4DE86
Zipcode 61076,#D4DE86
Zipcode 61077,#A4CC8E
Zipcode 61078,#A9AFDF
Zipcode 61079,#A4CC8E
Zipcode 61080,#A4CC8E
Zipcode 61081,#FFC137
Zipcode 61084,#696BB3
Zipcode 61085,#D4DE86
Zipcode 61087,#D4DE86
Zipcode 61088,#A4CC8E
Zipcode 61089,#CF63A3
Zipcode 61091,#696BB3
Zipcode 61101,#A4CC8E
Zipcode 61102,#A4CC8E
Zipcode 61103,#A4CC8E
Zipcode 61104,#A4CC8E
Zipcode 61105,#A4CC8E
Zipcode 61106,#A4CC8E
Zipcode 61107,#A4CC8E
Zipcode 61108,#A4CC8E
Zipcode 61109,#A4CC8E
Zipcode 61110,#A4CC8E
Zipcode 61111,#A4CC8E
Zipcode 61112,#A4CC8E
Zipcode 61114,#A4CC8E
Zipcode 61115,#A4CC8E
Zipcode 61125,#A4CC8E
Zipcode 61126,#A4CC8E
Zipcode 61130,#A4CC8E
Zipcode 61131,#A4CC8E
Zipcode 61132,#A4CC8E
Zipcode 61201,#A4CC8E
Zipcode 61202,#A4CC8E
Zipcode 61204,#A4CC8E
Zipcode 61206,#A4CC8E
Zipcode 61230,#FFC137
Zipcode 61231,#E66066
Zipcode 61232,#A4CC8E
Zipcode 61233,#FDDC51
Zipcode 61234,#FDDC51
Zipcode 61235,#FDDC51
Zipcode 61236,#A4CC8E
Zipcode 61237,#A4CC8E
Zipcode 61238,#FDDC51
Zipcode 61239,#A4CC8E
Zipcode 61240,#A4CC8E
Zipcode 61241,#FDDC51
Zipcode 61242,#A4CC8E
Zipcode 61243,#FFC137
Zipcode 61244,#A4CC8E
Zipcode 61250,#FFC137
Zipcode 61251,#FFC137
Zipcode 61252,#FFC137
Zipcode 61254,#FDDC51
Zipcode 61256,#A4CC8E
Zipcode 61257,#A4CC8E
Zipcode 61258,#FDDC51
Zipcode 61259,#A4CC8E
Zipcode 61260,#E66066
Zipcode 61261,#FFC137
Zipcode 61262,#FDDC51
Zipcode 61263,#E66066
Zipcode 61264,#A4CC8E
Zipcode 61265,#A4CC8E
Zipcode 61266,#A4CC8E
Zipcode 61270,#FFC137
Zipcode 61272,#E66066
Zipcode 61273,#FDDC51
Zipcode 61274,#FDDC51
Zipcode 61275,#A4CC8E
Zipcode 61276,#E66066
Zipcode 61277,#FFC137
Zipcode 61278,#A4CC8E
Zipcode 61279,#A4CC8E
Zipcode 61281,#E66066
Zipcode 61282,#A4CC8E
Zipcode 61283,#FFC137
Zipcode 61284,#A4CC8E
Zipcode 61285,#A9AFDF
Zipcode 61299,#A4CC8E
Zipcode 61301,#D0B998
Zipcode 61310,#98CCA8
Zipcode 61311,#D4DE86
Zipcode 61312,#D4DE86
Zipcode 61313,#D4DE86
Zipcode 61314,#D4DE86
Zipcode 61315,#D4DE86
Zipcode 61316,#D0B998
Zipcode 61317,#D4DE86
Zipcode 61318,#98CCA8
Zipcode 61319,#D4DE86
Zipcode 61320,#D4DE86
Zipcode 61321,#D0B998
Zipcode 61322,#D4DE86
Zipcode 61323,#D4DE86
Zipcode 61324,#98CCA8
Zipcode 61325,#D0B998
Zipcode 61326,#CF63A3
Zipcode 61327,#CF63A3
Zipcode 61328,#D4DE86
Zipcode 61329,#D4DE86
Zipcode 61330,#D4DE86
Zipcode 61331,#98CCA8
Zipcode 61332,#D0B998
Zipcode 61333,#D4DE86
Zipcode 61334,#D0B998
Zipcode 61335,#CF63A3
Zipcode 61336,#CF63A3
Zipcode 61337,#D4DE86
Zipcode 61338,#D4DE86
Zipcode 61340,#CF63A3
Zipcode 61341,#D0B998
Zipcode 61342,#D0B998
Zipcode 61344,#D4DE86
Zipcode 61345,#D4DE86
Zipcode 61346,#D4DE86
Zipcode 61348,#D0B998
Zipcode 61349,#D4DE86
Zipcode 61350,#D0B998
Zipcode 61353,#98CCA8
Zipcode 61354,#D0B998
Zipcode 61356,#D4DE86
Zipcode 61358,#D0B998
Zipcode 61359,#D4DE86
Zipcode 61360,#D0B998
Zipcode 61361,#D4DE86
Zipcode 61362,#D4DE86
Zipcode 61363,#CF63A3
Zipcode 61364,#D0B998
Zipcode 61367,#98CCA8
Zipcode 61368,#D4DE86
Zipcode 61369,#E66066
Zipcode 61370,#D0B998
Zipcode 61371,#D0B998
Zipcode 61372,#D0B998
Zipcode 61373,#D0B998
Zipcode 61374,#D4DE86
Zipcode 61375,#E66066
Zipcode 61376,#D4DE86
Zipcode 61377,#E66066
Zipcode 61378,#98CCA8
Zipcode 61379,#D4DE86
Zipcode 61401,#A9AFDF
Zipcode 61402,#A9AFDF
Zipcode 61410,#A9AFDF
Zipcode 61411,#D4DE86
Zipcode 61412,#E66066
Zipcode 61413,#FDDC51
Zipcode 61414,#A9AFDF
Zipcode 61415,#98CCA8
Zipcode 61416,#D4DE86
Zipcode 61417,#D0B998
Zipcode 61418,#FFC137
Zipcode 61419,#FDDC51
Zipcode 61420,#D4DE86
Zipcode 61421,#CF63A3
Zipcode 61422,#D4DE86
Zipcode 61423,#D0B998
Zipcode 61424,#E66066
Zipcode 61425,#FFC137
Zipcode 61426,#CF63A3
Zipcode 61427,#98CCA8
Zipcode 61428,#A9AFDF
Zipcode 61430,#A9AFDF
Zipcode 61431,#98CCA8
Zipcode 61432,#98CCA8
Zipcode 61433,#98CCA8
Zipcode 61434,#FDDC51
Zipcode 61435,#D0B998
Zipcode 61436,#A9AFDF
Zipcode 61437,#FFC137
Zipcode 61438,#D4DE86
Zipcode 61439,#A9AFDF
Zipcode 61440,#D4DE86
Zipcode 61441,#98CCA8
Zipcode 61442,#E66066
Zipcode 61443,#FDDC51
Zipcode 61447,#D0B998
Zipcode 61448,#A9AFDF
Zipcode 61449,#CF63A3
Zipcode 61450,#FDDC51
Zipcode 61451,#9360A8
Zipcode 61452,#696BB3
Zipcode 61453,#D0B998
Zipcode 61454,#FFC137
Zipcode 61455,#D4DE86
Zipcode 61457,#D4DE86
Zipcode 61458,#A9AFDF
Zipcode 61459,#98CCA8
Zipcode 61460,#FFC137
Zipcode 61462,#D0B998
Zipcode 61465,#E66066
Zipcode 61466,#E66066
Zipcode 61467,#A9AFDF
Zipcode 61468,#FDDC51
Zipcode 61469,#FFC137
Zipcode 61470,#D4DE86
Zipcode 61471,#FFC137
Zipcode 61472,#A9AFDF
Zipcode 61473,#D0B998
Zipcode 61474,#A9AFDF
Zipcode 61475,#D4DE86
Zipcode 61476,#E66066
Zipcode 61477,#98CCA8
Zipcode 61478,#D0B998
Zipcode 61479,#CF63A3
Zipcode 61480,#FFC137
Zipcode 61482,#98CCA8
Zipcode 61483,#CF63A3
Zipcode 61484,#98CCA8
Zipcode 61485,#A9AFDF
Zipcode 61486,#E66066
Zipcode 61488,#A9AFDF
Zipcode 61489,#A9AFDF
Zipcode 61490,#FDDC51
Zipcode 61491,#CF63A3
Zipcode 61501,#98CCA8
Zipcode 61516,#A4CC8E
Zipcode 61517,#9360A8
Zipcode 61518,#9360A8
Zipcode 61519,#98CCA8
Zipcode 61520,#98CCA8
Zipcode 61523,#9360A8
Zipcode 61524,#98CCA8
Zipcode 61525,#9360A8
Zipcode 61526,#9360A8
Zipcode 61528,#9360A8
Zipcode 61529,#9360A8
Zipcode 61530,#A4CC8E
Zipcode 61531,#98CCA8
Zipcode 61532,#A4CC8E
Zipcode 61533,#9360A8
Zipcode 61534,#E66066
Zipcode 61535,#E66066
Zipcode 61536,#9360A8
Zipcode 61537,#E66066
Zipcode 61539,#9360A8
Zipcode 61540,#E66066
Zipcode 61541,#E66066
Zipcode 61542,#98CCA8
Zipcode 61543,#98CCA8
Zipcode 61544,#98CCA8
Zipcode 61545,#A4CC8E
Zipcode 61546,#A4CC8E
Zipcode 61547,#9360A8
Zipcode 61548,#A4CC8E
Zipcode 61550,#E66066
Zipcode 61552,#9360A8
Zipcode 61553,#98CCA8
Zipcode 61554,#E66066
Zipcode 61555,#E66066
Zipcode 61558,#E66066
Zipcode 61559,#9360A8
Zipcode 61560,#CF63A3
Zipcode 61561,#A4CC8E
Zipcode 61562,#9360A8
Zipcode 61563,#98CCA8
Zipcode 61564,#E66066
Zipcode 61565,#E66066
Zipcode 61567,#A4CC8E
Zipcode 61568,#E66066
Zipcode 61569,#9360A8
Zipcode 61570,#E66066
Zipcode 61571,#E66066
Zipcode 61572,#A9AFDF
Zipcode 61576,#A9AFDF
Zipcode 61584,#A9AFDF
Zipcode 61593,#A9AFDF
Zipcode 61601,#9360A8
Zipcode 61602,#9360A8
Zipcode 61603,#9360A8
Zipcode 61604,#9360A8
Zipcode 61605,#9360A8
Zipcode 61606,#9360A8
Zipcode 61607,#9360A8
Zipcode 61610,#E66066
Zipcode 61611,#E66066
Zipcode 61612,#9360A8
Zipcode 61613,#9360A8
Zipcode 61614,#9360A8
Zipcode 61615,#9360A8
Zipcode 61616,#9360A8
Zipcode 61625,#9360A8
Zipcode 61628,#9360A8
Zipcode 61629,#9360A8
Zipcode 61630,#9360A8
Zipcode 61632,#9360A8
Zipcode 61633,#9360A8
Zipcode 61634,#9360A8
Zipcode 61635,#9360A8
Zipcode 61636,#9360A8
Zipcode 61637,#9360A8
Zipcode 61638,#9360A8
Zipcode 61639,#9360A8
Zipcode 61640,#9360A8
Zipcode 61641,#9360A8
Zipcode 61643,#9360A8
Zipcode 61644,#9360A8
Zipcode 61650,#9360A8
Zipcode 61651,#9360A8
Zipcode 61652,#9360A8
Zipcode 61653,#9360A8
Zipcode 61654,#9360A8
Zipcode 61655,#9360A8
Zipcode 61656,#9360A8
Zipcode 61675,#9360A8
Zipcode 61701,#D0B998
Zipcode 61702,#D0B998
Zipcode 61704,#D0B998
Zipcode 61709,#D0B998
Zipcode 61710,#D0B998
Zipcode 61720,#D0B998
Zipcode 61721,#E66066
Zipcode 61722,#D0B998
Zipcode 61723,#696BB3
Zipcode 61724,#D0B998
Zipcode 61725,#D0B998
Zipcode 61726,#D0B998
Zipcode 61727,#9360A8
Zipcode 61728,#D0B998
Zipcode 61729,#A4CC8E
Zipcode 61730,#D0B998
Zipcode 61731,#D0B998
Zipcode 61732,#D0B998
Zipcode 61733,#E66066
Zipcode 61734,#E66066
Zipcode 61735,#9360A8
Zipcode 61736,#D0B998
Zipcode 61737,#D0B998
Zipcode 61738,#A4CC8E
Zipcode 61739,#D4DE86
Zipcode 61740,#D4DE86
Zipcode 61741,#D4DE86
Zipcode 61742,#A4CC8E
Zipcode 61743,#D4DE86
Zipcode 61744,#D0B998
Zipcode 61745,#D0B998
Zipcode 61747,#E66066
Zipcode 61748,#D0B998
Zipcode 61749,#9360A8
Zipcode 61750,#9360A8
Zipcode 61751,#696BB3
Zipcode 61752,#D0B998
Zipcode 61753,#D0B998
Zipcode 61754,#D0B998
Zipcode 61755,#E66066
Zipcode 61756,#CF63A3
Zipcode 61758,#D0B998
Zipcode 61759,#E66066
Zipcode 61760,#A4CC8E
Zipcode 61761,#D0B998
Zipcode 61764,#D4DE86
Zipcode 61766,#D4DE86
Zipcode 61769,#D4DE86
Zipcode 61770,#D0B998
Zipcode 61771,#A4CC8E
Zipcode 61772,#D0B998
Zipcode 61773,#FDDC51
Zipcode 61774,#D0B998
Zipcode 61775,#D4DE86
Zipcode 61776,#D0B998
Zipcode 61777,#9360A8
Zipcode 61778,#9360A8
Zipcode 61790,#D0B998
Zipcode 61791,#D0B998
Zipcode 61799,#D0B998
Zipcode 61801,#696BB3
Zipcode 61802,#696BB3
Zipcode 61803,#696BB3
Zipcode 61810,#FFC137
Zipcode 61811,#FFC137
Zipcode 61812,#FFC137
Zipcode 61813,#98CCA8
Zipcode 61814,#FFC137
Zipcode 61815,#696BB3
Zipcode 61816,#696BB3
Zipcode 61817,#FFC137
Zipcode 61818,#98CCA8
Zipcode 61819,#98CCA8
Zipcode 61820,#696BB3
Zipcode 61821,#696BB3
Zipcode 61822,#696BB3
Zipcode 61824,#696BB3
Zipcode 61825,#696BB3
Zipcode 61826,#696BB3
Zipcode 61830,#98CCA8
Zipcode 61831,#FFC137
Zipcode 61832,#FFC137
Zipcode 61833,#FFC137
Zipcode 61834,#FFC137
Zipcode 61839,#98CCA8
Zipcode 61840,#696BB3
Zipcode 61841,#FFC137
Zipcode 61842,#9360A8
Zipcode 61843,#696BB3
Zipcode 61844,#FFC137
Zipcode 61845,#696BB3
Zipcode 61846,#FFC137
Zipcode 61847,#696BB3
Zipcode 61848,#FFC137
Zipcode 61849,#696BB3
Zipcode 61850,#FFC137
Zipcode 61851,#696BB3
Zipcode 61852,#696BB3
Zipcode 61853,#696BB3
Zipcode 61854,#98CCA8
Zipcode 61855,#98CCA8
Zipcode 61856,#98CCA8
Zipcode 61857,#FFC137
Zipcode 61858,#FFC137
Zipcode 61859,#696BB3
Zipcode 61862,#696BB3
Zipcode 61863,#696BB3
Zipcode 61864,#696BB3
Zipcode 61865,#FFC137
Zipcode 61866,#696BB3
Zipcode 61870,#FFC137
Zipcode 61871,#696BB3
Zipcode 61872,#696BB3
Zipcode 61873,#696BB3
Zipcode 61874,#696BB3
Zipcode 61875,#696BB3
Zipcode 61876,#FFC137
Zipcode 61877,#696BB3
Zipcode 61878,#696BB3
Zipcode 61880,#696BB3
Zipcode 61882,#9360A8
Zipcode 61883,#FFC137
Zipcode 61884,#98CCA8
Zipcode 61901,#98CCA8
Zipcode 61910,#9360A8
Zipcode 61911,#9360A8
Zipcode 61912,#E66066
Zipcode 61913,#9360A8
Zipcode 61914,#A4CC8E
Zipcode 61917,#A9AFDF
Zipcode 61919,#9360A8
Zipcode 61920,#E66066
Zipcode 61924,#A9AFDF
Zipcode 61925,#A4CC8E
Zipcode 61928,#A4CC8E
Zipcode 61929,#98CCA8
Zipcode 61930,#9360A8
Zipcode 61931,#E66066
Zipcode 61932,#A9AFDF
Zipcode 61933,#A9AFDF
Zipcode 61936,#98CCA8
Zipcode 61937,#A4CC8E
Zipcode 61938,#E66066
Zipcode 61940,#A9AFDF
Zipcode 61941,#9360A8
Zipcode 61942,#9360A8
Zipcode 61943,#E66066
Zipcode 61944,#A9AFDF
Zipcode 61949,#A9AFDF
Zipcode 61951,#A4CC8E
Zipcode 61953,#9360A8
Zipcode 61955,#A9AFDF
Zipcode 61956,#9360A8
Zipcode 61957,#FFC137
Zipcode 62001,#A4CC8E
Zipcode 62002,#A4CC8E
Zipcode 62003,#A4CC8E
Zipcode 62006,#D4DE86
Zipcode 62009,#98CCA8
Zipcode 62010,#A4CC8E
Zipcode 62011,#A9AFDF
Zipcode 62012,#98CCA8
Zipcode 62013,#D4DE86
Zipcode 62014,#98CCA8
Zipcode 62015,#696BB3
Zipcode 62016,#FFC137
Zipcode 62017,#696BB3
Zipcode 62018,#A4CC8E
Zipcode 62019,#696BB3
Zipcode 62021,#A4CC8E
Zipcode 62022,#CF63A3
Zipcode 62023,#98CCA8
Zipcode 62024,#A4CC8E
Zipcode 62025,#A4CC8E
Zipcode 62026,#A4CC8E
Zipcode 62027,#FFC137
Zipcode 62028,#CF63A3
Zipcode 62030,#CF63A3
Zipcode 62031,#CF63A3
Zipcode 62032,#696BB3
Zipcode 62033,#98CCA8
Zipcode 62034,#A4CC8E
Zipcode 62035,#A4CC8E
Zipcode 62036,#D4DE86
Zipcode 62037,#CF63A3
Zipcode 62040,#A4CC8E
Zipcode 62043,#A4CC8E
Zipcode 62044,#FFC137
Zipcode 62045,#D4DE86
Zipcode 62046,#A4CC8E
Zipcode 62047,#D4DE86
Zipcode 62048,#A4CC8E
Zipcode 62049,#696BB3
Zipcode 62050,#FFC137
Zipcode 62051,#696BB3
Zipcode 62052,#CF63A3
Zipcode 62053,#D4DE86
Zipcode 62054,#FFC137
Zipcode 62056,#696BB3
Zipcode 62058,#A4CC8E
Zipcode 62059,#9360A8
Zipcode 62060,#A4CC8E
Zipcode 62061,#A4CC8E
Zipcode 62062,#A4CC8E
Zipcode 62063,#CF63A3
Zipcode 62065,#D4DE86
Zipcode 62067,#A4CC8E
Zipcode 62069,#98CCA8
Zipcode 62070,#D4DE86
Zipcode 62071,#9360A8
Zipcode 62074,#A4CC8E
Zipcode 62075,#696BB3
Zipcode 62076,#696BB3
Zipcode 62077,#696BB3
Zipcode 62078,#FFC137
Zipcode 62079,#98CCA8
Zipcode 62080,#A9AFDF
Zipcode 62081,#FFC137
Zipcode 62082,#FFC137
Zipcode 62083,#D4DE86
Zipcode 62084,#A4CC8E
Zipcode 62085,#98CCA8
Zipcode 62086,#E66066
Zipcode 62087,#A4CC8E
Zipcode 62088,#98CCA8
Zipcode 62089,#696BB3
Zipcode 62090,#A4CC8E
Zipcode 62091,#696BB3
Zipcode 62092,#FFC137
Zipcode 62093,#98CCA8
Zipcode 62094,#696BB3
Zipcode 62095,#A4CC8E
Zipcode 62097,#A4CC8E
Zipcode 62098,#FFC137
Zipcode 62201,#9360A8
Zipcode 62202,#9360A8
Zipcode 62203,#9360A8
Zipcode 62204,#9360A8
Zipcode 62205,#9360A8
Zipcode 62206,#9360A8
Zipcode 62207,#9360A8
Zipcode 62208,#9360A8
Zipcode 62214,#CF63A3
Zipcode 62215,#FFC137
Zipcode 62216,#FFC137
Zipcode 62217,#A9AFDF
Zipcode 62218,#FFC137
Zipcode 62219,#FFC137
Zipcode 62220,#9360A8
Zipcode 62221,#9360A8
Zipcode 62222,#9360A8
Zipcode 62223,#9360A8
Zipcode 62224,#9360A8
Zipcode 62225,#9360A8
Zipcode 62226,#9360A8
Zipcode 62230,#FFC137
Zipcode 62231,#FFC137
Zipcode 62232,#9360A8
Zipcode 62233,#A9AFDF
Zipcode 62234,#A4CC8E
Zipcode 62236,#E66066
Zipcode 62237,#A9AFDF
Zipcode 62238,#D4DE86
Zipcode 62239,#9360A8
Zipcode 62240,#9360A8
Zipcode 62241,#A9AFDF
Zipcode 62242,#A9AFDF
Zipcode 62243,#9360A8
Zipcode 62244,#E66066
Zipcode 62245,#FFC137
Zipcode 62246,#E66066
Zipcode 62247,#A9AFDF
Zipcode 62248,#E66066
Zipcode 62249,#A4CC8E
Zipcode 62250,#FFC137
Zipcode 62252,#FFC137
Zipcode 62253,#FFC137
Zipcode 62254,#9360A8
Zipcode 62255,#9360A8
Zipcode 62256,#E66066
Zipcode 62257,#9360A8
Zipcode 62258,#9360A8
Zipcode 62259,#A9AFDF
Zipcode 62260,#9360A8
Zipcode 62261,#A9AFDF
Zipcode 62262,#E66066
Zipcode 62263,#CF63A3
Zipcode 62264,#9360A8
Zipcode 62265,#FFC137
Zipcode 62266,#FFC137
Zipcode 62268,#CF63A3
Zipcode 62269,#9360A8
Zipcode 62270,#9360A8
Zipcode 62271,#CF63A3
Zipcode 62272,#A9AFDF
Zipcode 62273,#E66066
Zipcode 62274,#D4DE86
Zipcode 62275,#E66066
Zipcode 62277,#A9AFDF
Zipcode 62278,#A9AFDF
Zipcode 62279,#E66066
Zipcode 62280,#A9AFDF
Zipcode 62281,#A4CC8E
Zipcode 62282,#9360A8
Zipcode 62283,#9360A8
Zipcode 62284,#E66066
Zipcode 62285,#9360A8
Zipcode 62286,#A9AFDF
Zipcode 62288,#A9AFDF
Zipcode 62289,#9360A8
Zipcode 62292,#A9AFDF
Zipcode 62293,#FFC137
Zipcode 62294,#A4CC8E
Zipcode 62295,#E66066
Zipcode 62297,#A9AFDF
Zipcode 62298,#E66066
Zipcode 62301,#CF63A3
Zipcode 62305,#CF63A3
Zipcode 62306,#CF63A3
Zipcode 62310,#FDDC51
Zipcode 62311,#FDDC51
Zipcode 62312,#A9AFDF
Zipcode 62313,#FDDC51
Zipcode 62314,#A9AFDF
Zipcode 62316,#FDDC51
Zipcode 62318,#FDDC51
Zipcode 62319,#696BB3
Zipcode 62320,#CF63A3
Zipcode 62321,#FDDC51
Zipcode 62323,#A9AFDF
Zipcode 62324,#CF63A3
Zipcode 62325,#CF63A3
Zipcode 62326,#D4DE86
Zipcode 62329,#FDDC51
Zipcode 62330,#FDDC51
Zipcode 62334,#FDDC51
Zipcode 62336,#FDDC51
Zipcode 62338,#CF63A3
Zipcode 62339,#CF63A3
Zipcode 62340,#A9AFDF
Zipcode 62341,#FDDC51
Zipcode 62343,#A9AFDF
Zipcode 62344,#696BB3
Zipcode 62345,#A9AFDF
Zipcode 62346,#CF63A3
Zipcode 62347,#CF63A3
Zipcode 62348,#CF63A3
Zipcode 62349,#CF63A3
Zipcode 62351,#CF63A3
Zipcode 62352,#A9AFDF
Zipcode 62353,#A4CC8E
Zipcode 62354,#FDDC51
Zipcode 62355,#A9AFDF
Zipcode 62356,#A9AFDF
Zipcode 62357,#A9AFDF
Zipcode 62358,#FDDC51
Zipcode 62359,#CF63A3
Zipcode 62360,#CF63A3
Zipcode 62361,#A9AFDF
Zipcode 62362,#A9AFDF
Zipcode 62363,#A9AFDF
Zipcode 62365,#CF63A3
Zipcode 62366,#A9AFDF
Zipcode 62367,#FDDC51
Zipcode 62370,#A9AFDF
Zipcode 62373,#FDDC51
Zipcode 62374,#D4DE86
Zipcode 62375,#A4CC8E
Zipcode 62376,#CF63A3
Zipcode 62378,#A4CC8E
Zipcode 62379,#FDDC51
Zipcode 62380,#FDDC51
Zipcode 62394,#FDDC51
Zipcode 62401,#9360A8
Zipcode 62407,#9360A8
Zipcode 62410,#FFC137
Zipcode 62411,#9360A8
Zipcode 62413,#CF63A3
Zipcode 62414,#9360A8
Zipcode 62415,#9360A8
Zipcode 62417,#A4CC8E
Zipcode 62418,#A9AFDF
Zipcode 62419,#E66066
Zipcode 62420,#D4DE86
Zipcode 62421,#E66066
Zipcode 62422,#FFC137
Zipcode 62423,#D4DE86
Zipcode 62424,#9360A8
Zipcode 62425,#E66066
Zipcode 62426,#9360A8
Zipcode 62427,#CF63A3
Zipcode 62428,#FDDC51
Zipcode 62431,#FFC137
Zipcode 62432,#D0B998
Zipcode 62433,#CF63A3
Zipcode 62434,#696BB3
Zipcode 62435,#FDDC51
Zipcode 62436,#FDDC51
Zipcode 62438,#FFC137
Zipcode 62439,#A4CC8E
Zipcode 62440,#E66066
Zipcode 62441,#D4DE86
Zipcode 62442,#D4DE86
Zipcode 62443,#9360A8
Zipcode 62444,#FFC137
Zipcode 62445,#9360A8
Zipcode 62446,#D4DE86
Zipcode 62447,#FDDC51
Zipcode 62448,#D0B998
Zipcode 62449,#CF63A3
Zipcode 62450,#E66066
Zipcode 62451,#CF63A3
Zipcode 62452,#E66066
Zipcode 62454,#CF63A3
Zipcode 62458,#A9AFDF
Zipcode 62459,#D0B998
Zipcode 62460,#A4CC8E
Zipcode 62461,#9360A8
Zipcode 62462,#FFC137
Zipcode 62463,#FFC137
Zipcode 62464,#CF63A3
Zipcode 62465,#FFC137
Zipcode 62466,#A4CC8E
Zipcode 62467,#9360A8
Zipcode 62468,#FDDC51
Zipcode 62469,#E66066
Zipcode 62471,#A9AFDF
Zipcode 62473,#9360A8
Zipcode 62474,#D4DE86
Zipcode 62475,#D0B998
Zipcode 62476,#A9AFDF
Zipcode 62477,#D4DE86
Zipcode 62478,#CF63A3
Zipcode 62479,#D0B998
Zipcode 62480,#D0B998
Zipcode 62481,#D0B998
Zipcode 62501,#CF63A3
Zipcode 62510,#D4DE86
Zipcode 62511,#D4DE86
Zipcode 62512,#696BB3
Zipcode 62513,#CF63A3
Zipcode 62514,#CF63A3
Zipcode 62515,#FDDC51
Zipcode 62517,#D4DE86
Zipcode 62518,#696BB3
Zipcode 62519,#696BB3
Zipcode 62520,#FDDC51
Zipcode 62521,#CF63A3
Zipcode 62522,#CF63A3
Zipcode 62523,#CF63A3
Zipcode 62524,#CF63A3
Zipcode 62525,#CF63A3
Zipcode 62526,#CF63A3
Zipcode 62527,#CF63A3
Zipcode 62530,#FDDC51
Zipcode 62531,#D4DE86
Zipcode 62532,#CF63A3
Zipcode 62533,#696BB3
Zipcode 62534,#FFC137
Zipcode 62535,#CF63A3
Zipcode 62536,#FDDC51
Zipcode 62537,#CF63A3
Zipcode 62538,#696BB3
Zipcode 62539,#FDDC51
Zipcode 62540,#D4DE86
Zipcode 62541,#696BB3
Zipcode 62543,#696BB3
Zipcode 62544,#CF63A3
Zipcode 62545,#FDDC51
Zipcode 62546,#D4DE86
Zipcode 62547,#D4DE86
Zipcode 62548,#696BB3
Zipcode 62549,#CF63A3
Zipcode 62550,#D4DE86
Zipcode 62551,#CF63A3
Zipcode 62552,#CF63A3
Zipcode 62553,#FFC137
Zipcode 62554,#CF63A3
Zipcode 62555,#D4DE86
Zipcode 62556,#D4DE86
Zipcode 62557,#D4DE86
Zipcode 62558,#FDDC51
Zipcode 62560,#696BB3
Zipcode 62561,#FDDC51
Zipcode 62563,#FDDC51
Zipcode 62565,#FFC137
Zipcode 62567,#D4DE86
Zipcode 62568,#D4DE86
Zipcode 62570,#D4DE86
Zipcode 62571,#FFC137
Zipcode 62572,#696BB3
Zipcode 62573,#CF63A3
Zipcode 62601,#D0B998
Zipcode 62605,#D0B998
Zipcode 62610,#E66066
Zipcode 62611,#9360A8
Zipcode 62612,#9360A8
Zipcode 62613,#FFC137
Zipcode 62615,#FDDC51
Zipcode 62616,#FDDC51
Zipcode 62617,#A4CC8E
Zipcode 62618,#9360A8
Zipcode 62621,#E66066
Zipcode 62622,#9360A8
Zipcode 62623,#9360A8
Zipcode 62624,#696BB3
Zipcode 62625,#FDDC51
Zipcode 62626,#98CCA8
Zipcode 62627,#9360A8
Zipcode 62628,#D0B998
Zipcode 62629,#FDDC51
Zipcode 62630,#98CCA8
Zipcode 62631,#D0B998
Zipcode 62633,#A4CC8E
Zipcode 62634,#696BB3
Zipcode 62635,#696BB3
Zipcode 62638,#D0B998
Zipcode 62639,#696BB3
Zipcode 62640,#98CCA8
Zipcode 62642,#FFC137
Zipcode 62643,#696BB3
Zipcode 62644,#A4CC8E
Zipcode 62648,#A4CC8E
Zipcode 62649,#98CCA8
Zipcode 62650,#D0B998
Zipcode 62651,#D0B998
Zipcode 62652,#D0B998
Zipcode 62655,#A4CC8E
Zipcode 62656,#696BB3
Zipcode 62659,#FFC137
Zipcode 62660,#D0B998
Zipcode 62661,#FDDC51
Zipcode 62662,#FDDC51
Zipcode 62663,#E66066
Zipcode 62664,#A4CC8E
Zipcode 62665,#D0B998
Zipcode 62666,#696BB3
Zipcode 62667,#98CCA8
Zipcode 62668,#D0B998
Zipcode 62670,#FDDC51
Zipcode 62671,#696BB3
Zipcode 62672,#98CCA8
Zipcode 62673,#FFC137
Zipcode 62674,#98CCA8
Zipcode 62675,#FFC137
Zipcode 62676,#FFC137
Zipcode 62677,#FDDC51
Zipcode 62681,#696BB3
Zipcode 62682,#A4CC8E
Zipcode 62683,#98CCA8
Zipcode 62684,#FDDC51
Zipcode 62685,#98CCA8
Zipcode 62686,#98CCA8
Zipcode 62688,#FFC137
Zipcode 62689,#FDDC51
Zipcode 62690,#98CCA8
Zipcode 62691,#9360A8
Zipcode 62692,#D0B998
Zipcode 62693,#FDDC51
Zipcode 62694,#E66066
Zipcode 62695,#D0B998
Zipcode 62701,#FDDC51
Zipcode 62702,#FDDC51
Zipcode 62703,#FDDC51
Zipcode 62704,#FDDC51
Zipcode 62705,#FDDC51
Zipcode 62706,#FDDC51
Zipcode 62707,#FDDC51
Zipcode 62708,#FDDC51
Zipcode 62709,#FDDC51
Zipcode 62713,#FDDC51
Zipcode 62715,#FDDC51
Zipcode 62716,#FDDC51
Zipcode 62718,#FDDC51
Zipcode 62719,#FDDC51
Zipcode 62720,#FDDC51
Zipcode 62721,#FDDC51
Zipcode 62722,#FDDC51
Zipcode 62723,#FDDC51
Zipcode 62726,#FDDC51
Zipcode 62736,#FDDC51
Zipcode 62739,#FDDC51
Zipcode 62746,#FDDC51
Zipcode 62756,#FDDC51
Zipcode 62757,#FDDC51
Zipcode 62761,#FDDC51
Zipcode 62762,#FDDC51
Zipcode 62763,#FDDC51
Zipcode 62764,#FDDC51
Zipcode 62765,#FDDC51
Zipcode 62766,#FDDC51
Zipcode 62767,#FDDC51
Zipcode 62769,#FDDC51
Zipcode 62776,#FDDC51
Zipcode 62777,#FDDC51
Zipcode 62781,#FDDC51
Zipcode 62786,#FDDC51
Zipcode 62791,#FDDC51
Zipcode 62792,#FDDC51
Zipcode 62794,#FDDC51
Zipcode 62796,#FDDC51
Zipcode 62801,#FDDC51
Zipcode 62803,#CF63A3
Zipcode 62805,#98CCA8
Zipcode 62806,#A9AFDF
Zipcode 62807,#FDDC51
Zipcode 62808,#CF63A3
Zipcode 62809,#D4DE86
Zipcode 62810,#A4CC8E
Zipcode 62811,#FFC137
Zipcode 62812,#98CCA8
Zipcode 62814,#A4CC8E
Zipcode 62815,#A9AFDF
Zipcode 62816,#A4CC8E
Zipcode 62817,#FFC137
Zipcode 62818,#A9AFDF
Zipcode 62819,#98CCA8
Zipcode 62820,#CF63A3
Zipcode 62821,#CF63A3
Zipcode 62822,#98CCA8
Zipcode 62823,#D4DE86
Zipcode 62824,#696BB3
Zipcode 62825,#98CCA8
Zipcode 62827,#CF63A3
Zipcode 62828,#FFC137
Zipcode 62829,#FFC137
Zipcode 62830,#A4CC8E
Zipcode 62831,#CF63A3
Zipcode 62832,#D4DE86
Zipcode 62833,#A9AFDF
Zipcode 62834,#CF63A3
Zipcode 62835,#CF63A3
Zipcode 62836,#98CCA8
Zipcode 62837,#D4DE86
Zipcode 62838,#A9AFDF
Zipcode 62839,#696BB3
Zipcode 62840,#98CCA8
Zipcode 62841,#696BB3
Zipcode 62842,#D4DE86
Zipcode 62843,#D4DE86
Zipcode 62844,#CF63A3
Zipcode 62845,#CF63A3
Zipcode 62846,#A4CC8E
Zipcode 62847,#A4CC8E
Zipcode 62848,#CF63A3
Zipcode 62849,#FDDC51
Zipcode 62850,#D4DE86
Zipcode 62851,#D4DE86
Zipcode 62852,#FFC137
Zipcode 62853,#FDDC51
Zipcode 62854,#FDDC51
Zipcode 62855,#FFC137
Zipcode 62856,#98CCA8
Zipcode 62857,#A9AFDF
Zipcode 62858,#696BB3
Zipcode 62859,#FFC137
Zipcode 62860,#FFC137
Zipcode 62861,#CF63A3
Zipcode 62862,#CF63A3
Zipcode 62863,#FFC137
Zipcode 62864,#A4CC8E
Zipcode 62865,#98CCA8
Zipcode 62866,#A4CC8E
Zipcode 62867,#D0B998
Zipcode 62868,#E66066
Zipcode 62869,#CF63A3
Zipcode 62870,#FDDC51
Zipcode 62871,#D0B998
Zipcode 62872,#A4CC8E
Zipcode 62874,#98CCA8
Zipcode 62875,#FDDC51
Zipcode 62876,#CF63A3
Zipcode 62877,#CF63A3
Zipcode 62878,#D4DE86
Zipcode 62879,#696BB3
Zipcode 62880,#A9AFDF
Zipcode 62881,#FDDC51
Zipcode 62882,#FDDC51
Zipcode 62883,#A4CC8E
Zipcode 62884,#98CCA8
Zipcode 62885,#A9AFDF
Zipcode 62886,#D4DE86
Zipcode 62887,#CF63A3
Zipcode 62888,#D4DE86
Zipcode 62889,#A4CC8E
Zipcode 62890,#98CCA8
Zipcode 62891,#98CCA8
Zipcode 62892,#FDDC51
Zipcode 62893,#FDDC51
Zipcode 62894,#A4CC8E
Zipcode 62895,#D4DE86
Zipcode 62896,#98CCA8
Zipcode 62897,#98CCA8
Zipcode 62898,#A4CC8E
Zipcode 62899,#696BB3
Zipcode 62901,#FDDC51
Zipcode 62902,#FDDC51
Zipcode 62903,#FDDC51
Zipcode 62905,#A4CC8E
Zipcode 62906,#A4CC8E
Zipcode 62907,#FDDC51
Zipcode 62908,#FFC137
Zipcode 62909,#FFC137
Zipcode 62910,#A9AFDF
Zipcode 62912,#FFC137
Zipcode 62913,#FFC137
Zipcode 62914,#D4DE86
Zipcode 62915,#696BB3
Zipcode 62916,#FDDC51
Zipcode 62917,#9360A8
Zipcode 62918,#696BB3
Zipcode 62919,#FDDC51
Zipcode 62920,#A4CC8E
Zipcode 62921,#696BB3
Zipcode 62922,#696BB3
Zipcode 62923,#FFC137
Zipcode 62924,#FDDC51
Zipcode 62926,#A4CC8E
Zipcode 62927,#FDDC51
Zipcode 62928,#E66066
Zipcode 62930,#9360A8
Zipcode 62931,#FDDC51
Zipcode 62932,#FDDC51
Zipcode 62933,#696BB3
Zipcode 62934,#D0B998
Zipcode 62935,#9360A8
Zipcode 62938,#E66066
Zipcode 62939,#FFC137
Zipcode 62940,#FDDC51
Zipcode 62941,#CF63A3
Zipcode 62942,#FDDC51
Zipcode 62943,#FFC137
Zipcode 62944,#FFC137
Zipcode 62946,#9360A8
Zipcode 62947,#E66066
Zipcode 62948,#696BB3
Zipcode 62949,#696BB3
Zipcode 62950,#FDDC51
Zipcode 62951,#696BB3
Zipcode 62952,#A4CC8E
Zipcode 62953,#A9AFDF
Zipcode 62954,#D0B998
Zipcode 62955,#FDDC51
Zipcode 62956,#CF63A3
Zipcode 62957,#D4DE86
Zipcode 62958,#FDDC51
Zipcode 62959,#696BB3
Zipcode 62960,#A9AFDF
Zipcode 62961,#A4CC8E
Zipcode 62962,#D4DE86
Zipcode 62963,#CF63A3
Zipcode 62964,#CF63A3
Zipcode 62965,#9360A8
Zipcode 62966,#FDDC51
Zipcode 62967,#FFC137
Zipcode 62969,#D4DE86
Zipcode 62970,#CF63A3
Zipcode 62971,#FDDC51
Zipcode 62972,#FFC137
Zipcode 62973,#CF63A3
Zipcode 62974,#696BB3
Zipcode 62975,#FDDC51
Zipcode 62976,#CF63A3
Zipcode 62977,#9360A8
Zipcode 62979,#D0B998
Zipcode 62982,#FDDC51
Zipcode 62983,#98CCA8
Zipcode 62984,#D0B998
Zipcode 62985,#FFC137
Zipcode 62987,#9360A8
Zipcode 62988,#D4DE86
Zipcode 62990,#D4DE86
Zipcode 62991,#D4DE86
Zipcode 62992,#CF63A3
Zipcode 62993,#D4DE86
Zipcode 62994,#FDDC51
Zipcode 62995,#FFC137
Zipcode 62996,#CF63A3
Zipcode 62997,#D4DE86
Zipcode 62998,#A4CC8E
Zipcode 62999,#98CCA8
